Kernel,Fold,AUC_cal,AUC_val,Gap_AUC,AP_cal,AP_val,Gap_AP,Accuracy_cal,Accuracy_val,Gap_Accuracy,Precision_cal,Precision_val,Gap_Precision,Sensibilidad_cal,Sensibilidad_val,Gap_Sensibilidad,Especificidad_cal,Especificidad_val,Gap_Especificidad,F1_cal,F1_val,Gap_F1,R2_cal,R2_val,Gap_R2,MAE_cal,MAE_val,Gap_MAE,RMSE_cal,RMSE_val,Gap_RMSE,Brier_cal,Brier_val,Gap_Brier,LogLoss_cal,LogLoss_val,Gap_LogLoss
Rational Quadratic,1,0.9988769557976057,0.9568178977627796,0.042059058034826124,0.9988972815321874,0.9615386303399822,0.03735865119220516,0.986159169550173,0.8972332015810277,0.08892596796914531,0.982421875,0.8768656716417911,0.10555620335820892,0.9901574803149606,0.9251968503937008,0.06496062992125984,0.9821251241310824,0.8690476190476191,0.11307750508346337,0.9862745098039216,0.9003831417624522,0.08589136804146946,0.8661320075745559,0.6682534256554461,0.19787858191910979,0.14900327395700796,0.21262228262256863,0.06361900866556067,0.18293806526277684,0.28798497857230443,0.10504691330952759,0.033466335722088,0.08293534788329066,0.049469012161202655,0.1712232757973919,0.29632918563475164,0.12510590983735972
Rational Quadratic,2,0.9984488501747608,0.969910011248594,0.02853883892616682,0.9983211175053514,0.9722364321430048,0.026084685362346538,0.9871478002965892,0.9169960474308301,0.07015175286575914,0.9852941176470589,0.9015151515151515,0.08377896613190738,0.9891732283464567,0.937007874015748,0.05216535433070868,0.9851042701092354,0.8968253968253969,0.08827887328383854,0.9872298624754421,0.918918918918919,0.06831094355652312,0.8613442340837562,0.70974166901172,0.15160256507203618,0.15207915046141487,0.20068530048273467,0.048606150021319794,0.1861807063169809,0.2693760365824804,0.0831953302654995,0.03466325540468989,0.07256344908488581,0.03790019368019592,0.1753699262000841,0.26755926956711873,0.09218934336703463
Rational Quadratic,3,0.9980383379336769,0.9686601674790651,0.029378170454611774,0.9979150878976382,0.9691124453850622,0.028802642512575916,0.9851705388037568,0.9189723320158103,0.06619820678794652,0.9805068226120858,0.9080459770114943,0.07246084560059152,0.9901574803149606,0.9330708661417323,0.057086614173228356,0.9801390268123138,0.9047619047619048,0.07537712205040903,0.9853085210577864,0.920388349514563,0.06492017154322338,0.8612000124952133,0.7025691745504951,0.15863083794471822,0.150835086933118,0.20584778767821849,0.05501270074510048,0.18627750827250006,0.2726839648504748,0.08640645657797474,0.03469931008821133,0.07435654468657499,0.03965723459836366,0.17445078232162792,0.2734340835820972,0.09898330126046928
Rational Quadratic,4,0.998611100250999,0.9669728783902012,0.03163822186079779,0.9984659152590959,0.968787035508183,0.02967887975091288,0.9846762234305487,0.9169960474308301,0.06768017599971865,0.9833169774288518,0.9173228346456693,0.0659941427831825,0.9862204724409449,0.9173228346456693,0.06889763779527558,0.9831181727904668,0.9166666666666666,0.06645150612380013,0.9847665847665847,0.9173228346456693,0.06744375012091541,0.8636937986164324,0.6926993632576954,0.17099443535873693,0.15099248655512365,0.2098666057876983,0.058874119232574657,0.18459652189914558,0.2771713530674579,0.0925748311683123,0.034075875897261736,0.0768239589612454,0.042748083063983665,0.1737504643475261,0.2784095803374277,0.10465911598990157
Rational Quadratic,5,0.9982541244844395,0.954465602158296,0.0437885223261435,0.9979428654286885,0.9590661443172048,0.03887672111148366,0.9846837944664032,0.8871287128712871,0.09755508159511606,0.9823702252693438,0.8924302788844621,0.08993994638488167,0.9872047244094488,0.8818897637795275,0.1053149606299213,0.9821428571428571,0.8924302788844621,0.08971257825839496,0.9847815414825725,0.8871287128712871,0.09765282861128532,0.8680332837739246,0.6498618235098517,0.21817146026407297,0.14744502417858002,0.22065891794444076,0.07321389376586074,0.18163469832059864,0.2958571529824768,0.11422245466187814,0.03299116363401488,0.08753145497089668,0.0545402913368818,0.16988811809983198,0.30379335744471797,0.133905239344886
Rational Quadratic,6,0.9982406618239253,0.9726752905886764,0.025565371235248935,0.9980772127743441,0.9738695639845799,0.024207648789764225,0.986159169550173,0.9110671936758893,0.07509197587428373,0.9833659491193738,0.8943396226415095,0.08902632647786435,0.9891732283464567,0.9330708661417323,0.05610236220472442,0.9831181727904668,0.8888888888888888,0.09422928390157792,0.9862610402355251,0.9132947976878613,0.07296624254766382,0.8620469357117224,0.6945667839439024,0.16748015176782005,0.15171749168275708,0.2127846908144304,0.06106719913167333,0.1857083290396383,0.2763279050028789,0.0906195759632406,0.034487583474694564,0.07635711108328008,0.04186952760858552,0.174995997253096,0.2780566800884763,0.10306068283538028
Rational Quadratic,7,0.9980627731861224,0.9754405699287589,0.022622203257363416,0.9979416861390102,0.97748560843297,0.020456077706040188,0.9836875926841325,0.9189723320158103,0.06471526066832223,0.9795121951219512,0.9243027888446215,0.05520940627732973,0.9881889763779528,0.9133858267716536,0.07480314960629919,0.9791459781529295,0.9246031746031746,0.054542803549754826,0.9838314551690348,0.9188118811881189,0.06501957398091596,0.8596595183352405,0.7188391619901313,0.14082035634510914,0.15364092032307566,0.19827009464817846,0.0446291743251028,0.18730837142470905,0.26512093725763763,0.07781256583292859,0.03508442600577676,0.07028911137236823,0.03520468536659147,0.17752151495854832,0.2591966122932108,0.08167509733466247
Rational Quadratic,8,0.9983384028337073,0.9641294838145232,0.0342089190191841,0.9981219728148878,0.9689350783482538,0.029186894466634028,0.9856648541769649,0.8952569169960475,0.09040793718091744,0.9833496571988247,0.8850574712643678,0.09829218593445688,0.9881889763779528,0.9094488188976378,0.07874015748031493,0.9831181727904668,0.8809523809523809,0.10216579183808583,0.9857633775159549,0.8970873786407767,0.08867599887517819,0.8634910826491117,0.6856192432201448,0.1778718394289669,0.15049860549489957,0.20957633390103567,0.05907772840613609,0.18473373781214156,0.2803461455376244,0.09561240772548282,0.03412655388604506,0.07859396131780286,0.0444674074317578,0.17353937291088153,0.28182574605089133,0.1082863731400098
Rational Quadratic,9,0.9987928985291933,0.9482564679415074,0.050536430587685865,0.9988134119528015,0.9476818839615699,0.05113152799123155,0.9866534849233811,0.8873517786561265,0.09930170626725465,0.9862340216322517,0.8661710037174721,0.12006301791477958,0.9872047244094488,0.9173228346456693,0.06988188976377951,0.9860973187686196,0.8571428571428571,0.12895446162576252,0.9867191342843089,0.8910133843212237,0.09570574996308523,0.8707782652327919,0.635893344177177,0.23488492105561487,0.14599012829219282,0.22434032688705144,0.07835019859485862,0.17973534515336967,0.30170389766137107,0.1219685525080014,0.03230479429740093,0.09102524186406308,0.05872044756666215,0.1674561543084814,0.31502314779638013,0.14756699348789873
Rational Quadratic,10,0.9983283339582553,0.9618376886156164,0.036490645342638905,0.9981504095303706,0.9657977010245383,0.03235270850583227,0.9846837944664032,0.902970297029703,0.0817134974367002,0.9833169774288518,0.9051383399209486,0.07817863750790321,0.9862204724409449,0.9015748031496063,0.08464566929133865,0.9831349206349206,0.9043824701195219,0.0787524505153987,0.9847665847665847,0.903353057199211,0.08141352756737374,0.8633017817372504,0.6817926654956588,0.1815091162415916,0.14927804876309875,0.20779079006750537,0.05851274130440662,0.18486216666303668,0.2820443691860363,0.09718220252299964,0.034174020663352345,0.07954902618954915,0.045375005526196804,0.17242565038755348,0.28355971280352055,0.11113406241596707
Rational Quadratic,11,0.998312990171164,0.9676915385576803,0.03062145161348373,0.9980946486229638,0.9695240099769422,0.028570638646021607,0.9856648541769649,0.9169960474308301,0.06866880674613485,0.9833496571988247,0.9076923076923077,0.07565734950651704,0.9881889763779528,0.9291338582677166,0.05905511811023623,0.9831181727904668,0.9047619047619048,0.07835626802856199,0.9857633775159549,0.9182879377431906,0.06747543977276427,0.8626050242889907,0.7067764002020092,0.1558286240869815,0.15117510469885895,0.20211471297903383,0.05093960828017488,0.18533230719931837,0.2707485082246269,0.08541620102530856,0.03434806409182251,0.07330475470586088,0.03895669061403837,0.17431232606681277,0.27031479882470416,0.0960024727578914
Rational Quadratic,12,0.9984947884493585,0.9633639545056868,0.03513083394367167,0.9983973881067386,0.9653226723449335,0.033074715761805096,0.9846762234305487,0.9011857707509882,0.08349045267956057,0.9814271749755621,0.8834586466165414,0.0979685283590207,0.9881889763779528,0.9251968503937008,0.06299212598425197,0.9811320754716981,0.876984126984127,0.10414794848757114,0.984796468857283,0.9038461538461539,0.08095031501112915,0.8632610768800297,0.6749867237425988,0.1882743531374309,0.14987378791589193,0.21328914462961213,0.0634153567137202,0.18488930253056193,0.2850474515931513,0.10015814906258938,0.03418405419023765,0.08125204965974994,0.04706799546951229,0.17290144695599483,0.2880636232391876,0.11516217628319278
Rational Quadratic,13,0.9982738937672513,0.9559898762654667,0.042284017501784565,0.9980814832443946,0.9575924116859481,0.0404890715584465,0.9846762234305487,0.8992094861660079,0.08546673726454079,0.9833169774288518,0.8830188679245283,0.1002981095043235,0.9862204724409449,0.9212598425196851,0.06496062992125984,0.9831181727904668,0.876984126984127,0.10613404580633978,0.9847665847665847,0.9017341040462428,0.08303248072034197,0.8651245987189055,0.661137100511703,0.2039874982072024,0.14885005595289694,0.21416463617902884,0.0653145802261319,0.18362511525197361,0.29105738502053147,0.10743226976855785,0.03371818295130059,0.08471440137498988,0.05099621842368929,0.17174568547654,0.2966723874661456,0.12492670198960559
Rational Quadratic,14,0.9986150098913903,0.9626609173853269,0.035954092506063406,0.9986416034228184,0.9665813377676926,0.032060265655125764,0.9876421156697973,0.9051383399209486,0.0825037757488487,0.9853085210577864,0.8992248062015504,0.086083714856236,0.9901574803149606,0.9133858267716536,0.07677165354330706,0.9851042701092354,0.8968253968253969,0.08827887328383854,0.9877270495827197,0.90625,0.08147704958271973,0.8643223766591301,0.6760686760067465,0.18825370065238367,0.14985075596508068,0.21565772101594585,0.06580696505086517,0.18417039527789753,0.28457260201835105,0.10040220674045353,0.033918734496817024,0.08098156581949481,0.04706283132267779,0.17257774521330022,0.28887545071356113,0.11629770550026092
Rational Quadratic,15,0.9985031167979003,0.9646924114565362,0.0338107053413641,0.9983078325880756,0.969501309408704,0.0288065231793716,0.9871541501976284,0.904950495049505,0.08220365514812344,0.9881656804733728,0.8872180451127819,0.10094763536059093,0.9862204724409449,0.9291338582677166,0.057086614173228356,0.9880952380952381,0.8804780876494024,0.10761715044583575,0.987192118226601,0.9076923076923077,0.07949981053429334,0.8650446615731366,0.686457024576405,0.17858763699673164,0.15041131373393404,0.21076081086879728,0.060349497134863234,0.18367990502923245,0.2799696011559784,0.09628969612674596,0.033738307511547855,0.07838297757143763,0.04464467005988977,0.17304085153615295,0.28329064319534997,0.11024979165919702
Rational Quadratic,16,0.998481104707989,0.9682852143482065,0.03019589035978254,0.9983295054318951,0.9683527393573793,0.029976766074515826,0.986159169550173,0.9150197628458498,0.07113940670432317,0.984313725490196,0.9137254901960784,0.07058823529411762,0.9881889763779528,0.9173228346456693,0.07086614173228345,0.9841112214498511,0.9126984126984127,0.0714128087514384,0.9862475442043221,0.9155206286836935,0.0707269155206286,0.8619772839864055,0.701254526479757,0.16072275750664855,0.151769196689926,0.20329740355591458,0.05152820686598858,0.18575520466835982,0.27328593372077814,0.08753072905241832,0.03450499606138425,0.07468520156963755,0.040180205508253304,0.1748743372099332,0.2711735572529919,0.09629922004305871
Rational Quadratic,17,0.9989952224194419,0.9491782277215348,0.049816994697907124,0.9989660119363275,0.9533259715701108,0.045640040366216716,0.9871478002965892,0.8952569169960475,0.09189088330054174,0.9843444227005871,0.8850574712643678,0.09928695143621924,0.9901574803149606,0.9094488188976378,0.0807086614173228,0.9841112214498511,0.8809523809523809,0.10315884049747015,0.9872423945044161,0.8970873786407767,0.09015501586363939,0.86920256700924,0.6396608004048014,0.2295417666044386,0.14729338669816835,0.22324374091423774,0.07595035421606938,0.1808278492286793,0.3001389553552048,0.11931110612652548,0.03269871105666998,0.09008339252171361,0.057384681465043635,0.16889925413689452,0.31295672865502727,0.14405747451813275
Rational Quadratic,18,0.9984742628373041,0.950053118360205,0.04842114447709911,0.9983131327862559,0.9526551825471451,0.04565795023911079,0.986159169550173,0.8913043478260869,0.0948548217240861,0.9862204724409449,0.8871595330739299,0.09906093936701499,0.9862204724409449,0.8976377952755905,0.0885826771653544,0.9860973187686196,0.8849206349206349,0.10117668384798473,0.9862204724409449,0.8923679060665362,0.09385256637440875,0.8685527869707403,0.6621686551822794,0.20638413178846093,0.14761687581418262,0.20723312660605978,0.05961625079187716,0.18127645421056987,0.29061403396307217,0.1093375797525023,0.03286115285115683,0.08445651673628965,0.05159536388513282,0.16970124680812804,0.29748778989364205,0.12778654308551401
Rational Quadratic,19,0.9982338199532406,0.9644575678040245,0.03377625214921609,0.9980460634569842,0.9695885309739087,0.028457532483075476,0.9836875926841325,0.8873517786561265,0.09633581402800606,0.9804496578690127,0.8832684824902723,0.09718117537874038,0.9872047244094488,0.8937007874015748,0.09350393700787407,0.9801390268123138,0.8809523809523809,0.09918664585993286,0.9838155958803335,0.8884540117416829,0.09536158413865059,0.8627303318144501,0.6760468003878164,0.18668353142663374,0.15079603940803735,0.21585177282598408,0.06505573341794674,0.1852477741579757,0.2845822106857484,0.09933443652777271,0.03431673783048437,0.0809870346387877,0.046670296808303334,0.17409803084279965,0.2863818619136814,0.11228383107088177
Rational Quadratic,20,0.9981242579052618,0.9678137842331461,0.0303104736721157,0.9980165649265554,0.9723341821852041,0.025682382741351373,0.9846837944664032,0.9188118811881189,0.06587191327828434,0.9814271749755621,0.9080459770114943,0.07338119796406783,0.9881889763779528,0.9330708661417323,0.055118110236220486,0.9811507936507936,0.9043824701195219,0.07676832353127172,0.984796468857283,0.920388349514563,0.06440811934271995,0.8601724775282548,0.7044632751708266,0.15570920235742813,0.15167397664886917,0.20726575317469328,0.055591776525824116,0.18696613194232642,0.2718116513064499,0.08484551936412349,0.03495633449347541,0.07388157378593913,0.03892523929246371,0.17544237122614617,0.2738834606923556,0.09844108946620941
Rational Quadratic,21,0.9981712657069802,0.963098362704662,0.035072903002318245,0.9980991112792572,0.9654603670976772,0.03263874418157997,0.9866534849233811,0.9011857707509882,0.08546771417239296,0.985279685966634,0.8893129770992366,0.09596670886739733,0.9881889763779528,0.9173228346456693,0.07086614173228345,0.9851042701092354,0.8849206349206349,0.10018363518860052,0.9867321867321868,0.9031007751937985,0.08363141153838827,0.8636751733103533,0.6896374560534169,0.1740377172569364,0.14986852417322638,0.2079782736021197,0.058109749428893326,0.18460913339166823,0.2785487817302775,0.09393964833860924,0.03408053213162275,0.07758942380342176,0.04350889167179901,0.17301504384454533,0.28088328095354614,0.10786823710900081
Rational Quadratic,22,0.9983735895972289,0.958130233720785,0.0402433558764439,0.9981510447868076,0.9578975838006493,0.04025346098615834,0.9851705388037568,0.8952569169960475,0.08991362180770934,0.9842829076620825,0.8972332015810277,0.08704970608105478,0.9862204724409449,0.8937007874015748,0.09251968503937014,0.9841112214498511,0.8968253968253969,0.08728582462445422,0.9852507374631269,0.8954635108481263,0.0897872266150006,0.8640601670066885,0.6695367208642156,0.19452344614247297,0.14921490956699948,0.2128330903297662,0.06361818076276671,0.1843482726051519,0.28742743274305843,0.10307916013790652,0.033984285612503405,0.08261452909326537,0.04863024348076197,0.17220681379437017,0.2914956645468481,0.11928885075247794
Rational Quadratic,23,0.9983227642721422,0.9685039370078741,0.0298188272642681,0.9981784143782862,0.9730462008021044,0.025132213576181894,0.9846762234305487,0.8893280632411067,0.09534816018944203,0.9823702252693438,0.8837209302325582,0.09864929503678566,0.9872047244094488,0.8976377952755905,0.08956692913385833,0.9821251241310824,0.8809523809523809,0.10117274317870151,0.9847815414825725,0.890625,0.09415654148257246,0.8632060503779856,0.6881525189831208,0.1750535313948648,0.15057747699070698,0.20910563968175147,0.058528162691044494,0.18492650038184172,0.27921434825466246,0.09428784787282074,0.03419781054347531,0.07796065227127594,0.04376284172780063,0.17367577685404717,0.2783162533183129,0.10464047646426572
Rational Quadratic,24,0.9982162265714799,0.9705974253218348,0.02761880124964511,0.9980012479688872,0.9749688029654281,0.023032445003459134,0.986159169550173,0.9031620553359684,0.08299711421420464,0.9833659491193738,0.89272030651341,0.09064564260596386,0.9891732283464567,0.9173228346456693,0.07185039370078738,0.9831181727904668,0.8888888888888888,0.09422928390157792,0.9862610402355251,0.9048543689320389,0.08140667130348622,0.8631191481684314,0.7101401155505453,0.15297903261788603,0.15219081104905957,0.20051003298782244,0.04831922193876287,0.18498523093984612,0.2691910827022181,0.08420585176237197,0.0342195356658682,0.07246383900639243,0.03824430334052423,0.17532029158100554,0.26540912520678467,0.09008883362577913
Rational Quadratic,25,0.9986866876015499,0.9621670797126455,0.036519607888904404,0.9987375297861114,0.9609006058287644,0.03783692395734706,0.9851778656126482,0.900990099009901,0.08418776660274718,0.9833333333333333,0.8893129770992366,0.09402035623409666,0.9872047244094488,0.9173228346456693,0.06988188976377951,0.9831349206349206,0.8844621513944223,0.09867276924049828,0.9852652259332023,0.9031007751937985,0.08216445073940382,0.8639466489844306,0.6717117468536657,0.19223490213076488,0.14959096213207232,0.21764811742995346,0.06805715529788114,0.1844256120234274,0.28647716647140475,0.10205155444797737,0.03401280637021576,0.08206916690948496,0.0480563605392692,0.1723271754375404,0.29330479994131003,0.12097762450376964
Matérn 0.5,1,0.9995806910680356,0.9579427571553556,0.04163793391268,0.999585789675765,0.9649856956750977,0.034600094000667214,0.9891250617894216,0.8972332015810277,0.0918918602083939,0.9882121807465619,0.8796992481203008,0.10851293262626116,0.9901574803149606,0.9212598425196851,0.06889763779527558,0.9880834160873883,0.873015873015873,0.11506754307151523,0.9891838741396264,0.9,0.08918387413962636,0.8731491863551228,0.6692726866257988,0.2038764997293241,0.14565772012944067,0.21094586301302962,0.06528814288358895,0.17807884699826743,0.287542234500657,0.1094633875023896,0.03171207574823234,0.08268053662163084,0.0509684608733985,0.1660299176477095,0.29332890468143397,0.12729898703372447
Matérn 0.5,2,0.9995200916419708,0.9716129233845769,0.02790716825739381,0.9995195546115034,0.9744825070622957,0.02503704754920777,0.9876421156697973,0.9169960474308301,0.07064606823896724,0.9872173058013766,0.9045801526717557,0.08263715312962083,0.9881889763779528,0.9330708661417323,0.055118110236220486,0.9870903674280039,0.9007936507936508,0.08629671663435312,0.9877029021151008,0.9186046511627907,0.06909825095231015,0.8683969673408267,0.714805084424708,0.1535918829161187,0.14919609279091212,0.1979083330751882,0.04871224028427609,0.1813838663928889,0.26701613248608075,0.08563226609319186,0.03290010698763337,0.07129761500782424,0.03839750802019087,0.17037408584641078,0.26285809575244506,0.09248400990603428
Matérn 0.5,3,0.9994115991211128,0.9694725659292589,0.02993903319185387,0.9994195192646336,0.968448692092045,0.03097082717258859,0.9896193771626297,0.9229249011857708,0.06669447597685896,0.9863147605083089,0.9056603773584906,0.08065438314981832,0.9931102362204725,0.9448818897637795,0.04822834645669294,0.9860973187686196,0.9007936507936508,0.0853036679749688,0.9897008337420304,0.9248554913294798,0.06484534241255069,0.8690141970526999,0.7033903920598129,0.16562380499288698,0.14768039654580853,0.2039174997957316,0.056237103249923065,0.18095801340018852,0.2723072593903353,0.09134924599014677,0.03274580261374281,0.07415124351667536,0.04140544090293255,0.16885858712526317,0.27127429559988164,0.10241570847461848
Matérn 0.5,4,0.9995376850237315,0.9697850268716409,0.029752658152090605,0.9995360753823759,0.9734525335780637,0.02608354180431216,0.9881364310430054,0.9189723320158103,0.06916409902719511,0.9872298624754421,0.9209486166007905,0.06628124587465156,0.9891732283464567,0.9173228346456693,0.07185039370078738,0.9870903674280039,0.9206349206349206,0.06645544679308335,0.9882005899705014,0.9191321499013807,0.06906844006912072,0.8702054172704913,0.6995566082618019,0.1706488090086894,0.14849936946142256,0.20723124889912592,0.05873187943770336,0.18013329357312333,0.27406144291484313,0.09392814934171981,0.03244800345350104,0.07510967449256584,0.0426616710390648,0.1693554543189588,0.272703814488708,0.10334836016974921
Matérn 0.5,5,0.999473698600175,0.9564262634501365,0.043047435150038504,0.9994670162891879,0.9604173349081638,0.03904968138102405,0.9876482213438735,0.897029702970297,0.09061851837357648,0.9872173058013766,0.907258064516129,0.07995924128524756,0.9881889763779528,0.8858267716535433,0.10236220472440949,0.9871031746031746,0.9083665338645418,0.07873664073863285,0.9877029021151008,0.896414342629482,0.09128855948561876,0.8750685450223834,0.6582571050493129,0.2168114399730705,0.14441863627409882,0.21784796006863633,0.07342932379453751,0.17672683949962265,0.2922887419227489,0.11556190242312625,0.031232375799525387,0.08543270865478332,0.05420033285525794,0.16458080210148027,0.29895798783968264,0.13437718573820237
Matérn 0.5,6,0.9994145313514063,0.9749093863267092,0.02450514502469714,0.9994205550099403,0.9773279476814799,0.022092607328460412,0.9886307464162135,0.9011857707509882,0.08744497566522536,0.9882005899705014,0.8805970149253731,0.1076035750451283,0.9891732283464567,0.9291338582677166,0.06003937007874016,0.9880834160873883,0.873015873015873,0.11506754307151523,0.9886866699458927,0.9042145593869731,0.08447211055891957,0.8687386792822984,0.6989591728657576,0.16977950641654083,0.14907536540594887,0.21191497970896125,0.06283961430301238,0.1811482285120945,0.274333794870725,0.09318556635863051,0.03281468069307001,0.07525903100817302,0.04244435031510301,0.17028229162999017,0.2745887417570986,0.1043064501271084
Matérn 0.5,7,0.9993597963859284,0.9770028746406699,0.022356921745258496,0.9993666073670375,0.9788784207568989,0.020488186610138626,0.9881364310430054,0.9209486166007905,0.06718781444221489,0.9862745098039216,0.9246031746031746,0.06167133520074697,0.9901574803149606,0.9173228346456693,0.07283464566929132,0.9860973187686196,0.9246031746031746,0.061494144165444964,0.9882121807465619,0.9209486166007905,0.06726356414577139,0.8669355358241277,0.7243593411329285,0.1425761946911992,0.15087796584532512,0.1955332434731974,0.044655277627872275,0.18238820585658905,0.2625054059383098,0.08011720008172074,0.0332654576355855,0.0689090881468368,0.0356436305112513,0.17243254237558067,0.25473801999563284,0.08230547762005216
Matérn 0.5,8,0.9995044530804057,0.9639732533433322,0.03553119973707353,0.9994998218060043,0.9694283903747807,0.030071431431223594,0.9881364310430054,0.9011857707509882,0.08695066029201726,0.9881889763779528,0.8923076923076924,0.09588128407026042,0.9881889763779528,0.9133858267716536,0.07480314960629919,0.9880834160873883,0.8888888888888888,0.09919452719849942,0.9881889763779528,0.9027237354085603,0.08546524096939245,0.8709667893493671,0.6882533760471521,0.18271341330221502,0.1472426519944582,0.207475743591878,0.0602330915974198,0.1796041875933914,0.27916919314133787,0.09956500554794648,0.03225766420108212,0.07793543839918561,0.04567777419810349,0.1680481540595498,0.2794203942572003,0.11137224019765049
Matérn 0.5,9,0.9996178326517527,0.9522403449568804,0.04737748769487238,0.9996219116545009,0.9525565102743802,0.04706540138012072,0.9891250617894216,0.8893280632411067,0.09979699854831492,0.9882121807465619,0.8694029850746269,0.11880919567193504,0.9901574803149606,0.9173228346456693,0.07283464566929132,0.9880834160873883,0.8611111111111112,0.1269723049762771,0.9891838741396264,0.89272030651341,0.09646356762621644,0.8767322220437236,0.6449322137593096,0.23180000828441394,0.14341430853885115,0.2202897254598659,0.07687541692101474,0.1755458189621403,0.2979354959914137,0.12238967702927342,0.030816334555088535,0.08876555977164971,0.05794922521656118,0.16313228075256586,0.30714059765960344,0.14400831690703758
Matérn 0.5,10,0.9995039682539681,0.9620572826803024,0.037446685573665706,0.9995004663593494,0.966662942692228,0.03283752366712145,0.9886363636363636,0.902970297029703,0.08566606660666065,0.9882005899705014,0.9051383399209486,0.08306225004955281,0.9891732283464567,0.9015748031496063,0.08759842519685046,0.9880952380952381,0.9043824701195219,0.08371276797571625,0.9886866699458927,0.903353057199211,0.08533361274668172,0.8715767699814624,0.6841196382841593,0.18745713169730305,0.14571991511786647,0.2053606113118881,0.059640696194021625,0.1791795354439988,0.28101121600840795,0.10183168056440914,0.03210530592192722,0.07896730352252411,0.04686199760059689,0.16644519079789813,0.2812643767460156,0.11481918594811749
Matérn 0.5,11,0.999453627755319,0.9706442944631922,0.02880933329212676,0.9994528236682053,0.9742338067605518,0.02521901690765349,0.9901136925358379,0.9209486166007905,0.0691650759350474,0.9891944990176817,0.9115384615384615,0.07765603747922023,0.9911417322834646,0.9330708661417323,0.05807086614173229,0.9890764647467726,0.9087301587301587,0.08034630601661386,0.9901671583087512,0.9221789883268483,0.06798816998190294,0.8687875365218263,0.7163588045740058,0.15242873194782047,0.14855431983938786,0.19754832653818066,0.04899400669879281,0.18111451246362248,0.2662877973900903,0.08517328492646781,0.03280246662493566,0.07090919103886577,0.03810672441393011,0.16975550680021492,0.26265244914060654,0.09289694234039161
Matérn 0.5,12,0.9995122723611882,0.9627234095738033,0.03678886278738491,0.9995130964186496,0.963408763998487,0.036104332420162644,0.9876421156697973,0.8992094861660079,0.08843262950378938,0.9862610402355251,0.8801498127340824,0.10611122750144264,0.9891732283464567,0.9251968503937008,0.0639763779527559,0.9860973187686196,0.873015873015873,0.11308144575274659,0.9877149877149877,0.9021113243761996,0.0856036633387881,0.8714081936642938,0.6783993792602508,0.19300881440404294,0.14632494288512166,0.21030253152168166,0.06397758863656,0.17929672419326836,0.2835469962971715,0.10425027210390314,0.03214731530643695,0.08039889910914819,0.04825158380271124,0.16704834311439676,0.2853478536708748,0.11829951055647803
Matérn 0.5,13,0.9994526503452212,0.9563023372078491,0.043150313137372165,0.9994506244935939,0.9579552434671788,0.041495381026415146,0.9886307464162135,0.8932806324110671,0.09535011400514637,0.9882005899705014,0.8816793893129771,0.10652120065752435,0.9891732283464567,0.9094488188976378,0.07972440944881887,0.9880834160873883,0.876984126984127,0.11109928910326128,0.9886866699458927,0.8953488372093024,0.09333783273659035,0.8732313226839057,0.6597318822474738,0.21349944043643188,0.14547891344988823,0.2128126319696917,0.06733371851980346,0.17802118433616418,0.29166024832445914,0.11363906398829496,0.03169154207245054,0.08506570045268516,0.05337415838023462,0.16596833979952047,0.295817068333613,0.12984872853409252
Matérn 0.5,14,0.9995269335126555,0.9664416947881515,0.033085238724504085,0.9995362922580153,0.9705616192304498,0.028974673027565512,0.9891250617894216,0.9031620553359684,0.08596300645345323,0.9891732283464567,0.9019607843137255,0.0872124440327312,0.9891732283464567,0.905511811023622,0.08366141732283472,0.9890764647467726,0.9007936507936508,0.08828281395312176,0.9891732283464567,0.9037328094302554,0.08544041891620135,0.8711584090513453,0.6815579425614675,0.18960046648987783,0.1471608130311362,0.21463219855393845,0.06747138552280224,0.17947077818890078,0.28215114853611195,0.10268037034721117,0.03220976022372963,0.07960927062024711,0.047399510396517484,0.16789241204919583,0.284429292832486,0.11653688078329019
Matérn 0.5,15,0.9995274028246469,0.9674216519747779,0.032105750849869,0.9995252111602312,0.9722988650005205,0.027226346159710646,0.9896245059288538,0.904950495049505,0.08467401087934878,0.9901477832512315,0.8872180451127819,0.10292973813844963,0.9891732283464567,0.9291338582677166,0.06003937007874016,0.9900793650793651,0.8804780876494024,0.10960127742996273,0.9896602658788775,0.9076923076923077,0.08196795818656977,0.8711227608837881,0.6933384901851283,0.17778427069865987,0.14783407277945648,0.20832315610470248,0.060489083325245996,0.17949597884944973,0.2768802482701118,0.09738426942066208,0.03221880642312211,0.07666267188211875,0.044443865458996645,0.16854785053220533,0.2777107494554344,0.10916289892322906
Matérn 0.5,16,0.999529865742949,0.9697694038245218,0.029760461918427183,0.9995324625869276,0.9695741915606005,0.029958271026327088,0.9891250617894216,0.9130434782608695,0.0760815835285521,0.9882121807465619,0.9133858267716536,0.07482635397490833,0.9901574803149606,0.9133858267716536,0.07677165354330706,0.9880834160873883,0.9126984126984127,0.07538500338897558,0.9891838741396264,0.9133858267716536,0.0757980473679728,0.8688763989821539,0.7064484705461221,0.1624279284360317,0.14904392345913992,0.20063543798065092,0.051591514521511006,0.18105317298945311,0.2708998631211126,0.08984669013165947,0.03278025144954884,0.07338673583903753,0.04060648438948869,0.17012308019721867,0.2665362257561423,0.09641314555892361
Matérn 0.5,17,0.9996285841628287,0.9530839895013123,0.04654459466151639,0.9996316749386107,0.9590010792900532,0.04063059564855753,0.9881364310430054,0.8913043478260869,0.0968320832169185,0.9872298624754421,0.8812260536398467,0.10600380883559535,0.9891732283464567,0.905511811023622,0.08366141732283472,0.9870903674280039,0.876984126984127,0.11010624044387696,0.9882005899705014,0.8932038834951457,0.09499670647535574,0.8751713594309766,0.6484087270204631,0.22676263241051342,0.14473368274493362,0.22010818228724982,0.0753744995423162,0.17665373611974242,0.29647334624647426,0.11981961012673184,0.031206542485063587,0.08789644503458183,0.05668990254951824,0.16470836645702772,0.30519916124274166,0.14049079478571394
Matérn 0.5,18,0.999503475670308,0.951474815648044,0.048028660022263914,0.9995033760999796,0.9564222276804788,0.043081148419500837,0.990608007909046,0.8932806324110671,0.09732737549797887,0.9911330049261083,0.8875968992248062,0.10353610570130212,0.9901574803149606,0.9015748031496063,0.0885826771653544,0.9910625620655412,0.8849206349206349,0.10614192714490633,0.9906450024618415,0.89453125,0.0961137524618415,0.8752087412867152,0.6659918085199663,0.2092169327667489,0.14449283943642338,0.20489957889957794,0.06040673946315456,0.17662728330044558,0.2889649517397583,0.1123376684393127,0.031197197206095862,0.08350074333396083,0.052303546127864975,0.16458795146898964,0.29341840404460706,0.12883045257561743
Matérn 0.5,19,0.9994741533673733,0.9663479565054368,0.03312619686193652,0.9994751626228878,0.9710013206693591,0.028473841953528756,0.9876421156697973,0.8972332015810277,0.09040891408876961,0.9853085210577864,0.8914728682170543,0.09383565284073214,0.9901574803149606,0.905511811023622,0.08464566929133865,0.9851042701092354,0.8888888888888888,0.09621538122034656,0.9877270495827197,0.8984375,0.08928954958271973,0.870443914312082,0.6808966432574968,0.18954727105458524,0.1476735258924128,0.2139919788331478,0.06631845294073499,0.1799677203645043,0.2824439641121803,0.102476243747676,0.03238838037319642,0.0797745928634026,0.047386212490206185,0.1685927119903445,0.2831446941801489,0.11455198218980442
Matérn 0.5,20,0.9994326881014873,0.9694450544279574,0.029987633673529968,0.9994331783218942,0.9740228717043173,0.025410306617576817,0.9876482213438735,0.9207920792079208,0.0668561421359527,0.9862610402355251,0.9115384615384615,0.07472257869706356,0.9891732283464567,0.9330708661417323,0.05610236220472442,0.9861111111111112,0.9083665338645418,0.07774457724656936,0.9877149877149877,0.9221789883268483,0.06553599938813937,0.8683186598498683,0.7067539791438642,0.16156468070600416,0.14836139496132925,0.20513809997542223,0.05677670501409299,0.18143820085533946,0.2707561966101463,0.08931799575480687,0.032919820729622504,0.07330891800279223,0.04038909727316972,0.1696510930677142,0.2711636699793613,0.10151257691164711
Matérn 0.5,21,0.9994526503452212,0.9651137357830271,0.03433891456219418,0.9994601665007159,0.9678784119511051,0.03158175454961076,0.9896193771626297,0.9071146245059288,0.08250475265670087,0.9891838741396264,0.8905660377358491,0.0986178364037773,0.9901574803149606,0.9291338582677166,0.0610236220472441,0.9890764647467726,0.8849206349206349,0.10415582982613769,0.9896704377766847,0.9094412331406551,0.08022920463602967,0.8711943218218341,0.6932343762153308,0.1779599456065033,0.14676160526308465,0.20580042289351383,0.059038817630429175,0.1794457639756517,0.27692996914641993,0.09748420517076822,0.032200782208805304,0.0766902078114371,0.04448942560263179,0.16756855986679892,0.2773660304328566,0.10979747056605771
Matérn 0.5,22,0.9994604696260038,0.9582552180977378,0.04120525152826593,0.9994532241961683,0.9588436022007982,0.040609621995370104,0.9896193771626297,0.8992094861660079,0.09040989099662178,0.9911154985192497,0.9043824701195219,0.08673302839972785,0.9881889763779528,0.8937007874015748,0.09448818897637801,0.9910625620655412,0.9047619047619048,0.08630065730363645,0.9896500739280434,0.899009900990099,0.09064017293794435,0.871940522215216,0.673176677555936,0.19876384465928,0.14589859719309112,0.21028025473304637,0.06438165753995526,0.17892522405376424,0.2858400849022349,0.10691486084847066,0.03201423580268973,0.08170455413691685,0.04969031833422712,0.16658528727572963,0.28844408331200655,0.12185879603627692
Matérn 0.5,23,0.9994643792663951,0.969206974128234,0.03025740513816111,0.9994638888067545,0.9740438745317699,0.025420014274984637,0.9886307464162135,0.8972332015810277,0.0913975448351858,0.9862879529872673,0.89453125,0.09175670298726735,0.9911417322834646,0.9015748031496063,0.08956692913385833,0.9860973187686196,0.8928571428571429,0.09324017591147671,0.9887088856161022,0.8980392156862745,0.09066966992982761,0.8703255862234506,0.6908175561824136,0.179508030041037,0.147672013919665,0.20746195832532927,0.059789944405664264,0.1800498870031917,0.2780187104859861,0.0979688234827944,0.032417961809862096,0.07729440338029055,0.04487644157042845,0.16859740777332313,0.275805137906063,0.10720773013273985
Matérn 0.5,24,0.9994477632947321,0.9730658667666541,0.026381896528077986,0.9994445775318598,0.9768638904322794,0.022580687099580388,0.9901136925358379,0.9130434782608695,0.07707021427496841,0.9882352941176471,0.9007633587786259,0.0874719353390212,0.9921259842519685,0.9291338582677166,0.06299212598425197,0.9880834160873883,0.8968253968253969,0.0912580192619914,0.9901768172888016,0.9147286821705426,0.07544813511825899,0.8694876411931958,0.7176127305272446,0.15187491066595116,0.14945934909373207,0.19694300214462943,0.047483653050897356,0.18063068377559693,0.265698540545513,0.08506785676991607,0.032627443921239695,0.07059571444801563,0.037968270526775934,0.17048714379825977,0.2598902418545489,0.08940309805628913
Matérn 0.5,25,0.999508850456193,0.9643316497788375,0.035177200677355525,0.9995209565480061,0.9654785492258962,0.03404240732210995,0.9891304347826086,0.8950495049504951,0.09408092983211358,0.9882121807465619,0.879245283018868,0.10896689772769397,0.9901574803149606,0.9173228346456693,0.07283464566929132,0.9880952380952381,0.8725099601593626,0.11558527793587559,0.9891838741396264,0.8978805394990366,0.09130333464058982,0.8712371496827076,0.672622317915821,0.19861483176688655,0.14667626491530744,0.21724989072045636,0.07057362580514892,0.1794163026878011,0.2860795906345104,0.10666328794670929,0.03219020967016066,0.08184153217760905,0.04965132250744839,0.16742247063457705,0.2907829117803004,0.12336044114572337
Matérn 1.5,1,0.979067785345104,0.9458661417322834,0.03320164361282052,0.9796770168853103,0.9510224658230128,0.02865455106229753,0.925852694018784,0.8794466403162056,0.04640605370257844,0.9270216962524654,0.8697318007662835,0.05728989548618191,0.9251968503937008,0.8937007874015748,0.03149606299212604,0.9265143992055611,0.8650793650793651,0.061435034126196,0.9261083743842364,0.8815533980582524,0.04455497632598404,0.760509761143976,0.6452968890811848,0.11521287206279118,0.16051319820826782,0.19307886399851337,0.03256566579024556,0.24468627813296012,0.29778245812252546,0.05309617998956534,0.05987137470656032,0.08867439236549364,0.028803017658933318,0.2165002456606564,0.3002496566524227,0.0837494109917663
Matérn 1.5,2,0.9779554926537857,0.9619422572178478,0.01601323543593791,0.979151900481564,0.963665009370375,0.01548689111118895,0.9283242708848245,0.9090909090909091,0.019233361793915438,0.9257086999022482,0.9,0.025708699902248222,0.9320866141732284,0.9212598425196851,0.010826771653543288,0.9245283018867925,0.8968253968253969,0.02770290506139561,0.9288867091711623,0.9105058365758755,0.018380872595286868,0.7510779874706728,0.7000881584665958,0.050989829004077,0.16645482378264012,0.17554755206439523,0.009092728281755114,0.24945795528723116,0.27381889821092226,0.024360942923691092,0.06222927145608622,0.0749767890174434,0.012747517561357176,0.22409420463688404,0.2588761146057537,0.03478190996886968
Matérn 1.5,3,0.9776544503436575,0.9573178352705913,0.020336615073066167,0.978885209568559,0.9524036649331156,0.026481544635443388,0.9248640632723678,0.8893280632411067,0.03553600003126112,0.9285714285714286,0.8807692307692307,0.047802197802197854,0.9212598425196851,0.9015748031496063,0.019685039370078816,0.9285004965243296,0.876984126984127,0.05151636954020267,0.924901185770751,0.8910505836575876,0.033850602113163375,0.751497129906306,0.673425917694344,0.078071212211962,0.16403542055536685,0.1875636207999972,0.023528200244630343,0.2492478443660281,0.28573107124667463,0.036483226880646535,0.06212448792111176,0.08164224507577225,0.01951775715466049,0.2220862790929362,0.2768246258676865,0.05473834677475031
Matérn 1.5,4,0.9775312966713322,0.9636295463067117,0.013901750364620491,0.9784095099794743,0.9669507186483569,0.01145879133111738,0.9228868017795353,0.8873517786561265,0.03553502312340884,0.9257425742574258,0.8987854251012146,0.02695714915621117,0.9202755905511811,0.8740157480314961,0.04625984251968507,0.9255213505461768,0.9007936507936508,0.024727699752525978,0.9230009871668312,0.8862275449101796,0.03677344225665158,0.7506752623105144,0.6891035276346633,0.061571734675851086,0.1658910626217071,0.18605378900179903,0.020162726380091922,0.24965966985763915,0.278788277771404,0.02912860791376487,0.06232995075342537,0.07772290382274552,0.015392953069320148,0.22443029038059364,0.2629737536532307,0.03854346327263708
Matérn 1.5,5,0.9801518950756155,0.944740722150767,0.03541117292484852,0.9805553607307803,0.9427653390207432,0.03779002171003709,0.9288537549407114,0.8831683168316832,0.045685438109028254,0.9299802761341223,0.8884462151394422,0.041534060994680044,0.9281496062992126,0.8779527559055118,0.05019685039370081,0.9295634920634921,0.8884462151394422,0.04111727692404987,0.929064039408867,0.8831683168316832,0.04589572257718377,0.7655396533841429,0.644631821818634,0.12090783156550888,0.15921450140725527,0.19592215905990884,0.036707657652653575,0.2421036367385053,0.29805856681389165,0.05595493007538635,0.05861417092201013,0.08883890925115112,0.030224738329140993,0.21379470533223852,0.30113829112566937,0.08734358579343085
Matérn 1.5,6,0.9772282995410083,0.9655043119610048,0.011723987580003481,0.9781507706993695,0.9683481909991285,0.00980257970024101,0.9223924864063272,0.8913043478260869,0.031088138580240288,0.9256689791873142,0.8754716981132076,0.05019728107410659,0.9192913385826772,0.9133858267716536,0.0059055118110236116,0.9255213505461768,0.8690476190476191,0.05647373149855772,0.9224691358024691,0.8940269749518305,0.028442160850638665,0.7491907783300602,0.6891112529891673,0.06007952534089289,0.16638347069742684,0.1923366844236686,0.025953213726241764,0.2504018059105241,0.27878481399511784,0.028383008084593764,0.06270106440325177,0.07772097251429244,0.015019908111040675,0.225268667484533,0.2662345656213019,0.040965898136768875
Matérn 1.5,7,0.9768304936311957,0.9667385326834146,0.010091960947781087,0.9776255025759384,0.9691796278354572,0.008445874740481196,0.9283242708848245,0.9071146245059288,0.021209646378895664,0.9324726911618669,0.9090909090909091,0.02338178207095787,0.9242125984251969,0.905511811023622,0.01870078740157488,0.9324726911618669,0.9087301587301587,0.023742532431708208,0.9283242708848245,0.9072978303747534,0.021026440510071076,0.7507704093197396,0.7107988614734646,0.03997154784627499,0.1674994362742042,0.17055818824646693,0.003058751972262741,0.24961202789911857,0.268885022079191,0.019272994180072445,0.06230616447191034,0.07229915509852705,0.00999299062661671,0.22645844663874135,0.24766693093075995,0.021208484292018603
Matérn 1.5,8,0.9778157230097976,0.9545056867891514,0.023310036220646202,0.9785550928859144,0.957911246880518,0.02064384600539637,0.9238754325259516,0.8893280632411067,0.03454736928484492,0.9233791748526523,0.8837209302325582,0.03965824462009415,0.9251968503937008,0.8976377952755905,0.0275590551181103,0.9225422045680238,0.8809523809523809,0.041589823615642896,0.9242871189773845,0.890625,0.03366211897738447,0.7525138852164077,0.6758568574527687,0.07665702776363903,0.16439736495824306,0.18531218144721381,0.020914816488970756,0.24873742003271834,0.2846656277647327,0.035928207732014356,0.061870304124532954,0.08103451963068936,0.019164215506156407,0.22233857151931175,0.27737986667140274,0.055041295152091
Matérn 1.5,9,0.9805495390533979,0.9408980127484065,0.03965152630499147,0.9817750568700374,0.9348519566521032,0.04692310021793422,0.9273356401384083,0.8754940711462451,0.05184156899216319,0.9280788177339901,0.8659003831417624,0.062178434592227716,0.9271653543307087,0.889763779527559,0.03740157480314965,0.9275074478649454,0.8611111111111112,0.06639633675383427,0.9276218611521418,0.8776699029126214,0.04995195823952048,0.7668365169799896,0.6229882742821757,0.14384824269781382,0.1576008162193557,0.2012855914922133,0.04368477527285761,0.24143263460560213,0.30700400475314993,0.0655713701475478,0.0582897170526022,0.0942514589344721,0.035961741881869895,0.2115349546610798,0.3142056636074267,0.10267070894634689
Matérn 1.5,10,0.979511350143732,0.9463719923455782,0.0331393577981538,0.9802777693681627,0.9484120053310522,0.0318657640371105,0.9219367588932806,0.8811881188118812,0.040748640081399445,0.9272908366533864,0.8943089430894309,0.03298189356395553,0.9163385826771654,0.8661417322834646,0.05019685039370081,0.9275793650793651,0.896414342629482,0.031165022449883062,0.9217821782178218,0.88,0.04178217821782182,0.7603479911398405,0.6479186167074544,0.1124293744323861,0.16030617218615567,0.19095206116633787,0.030645888980182195,0.2447694143597327,0.2966769952780876,0.0519075809183549,0.05991206620600652,0.0880172395272344,0.02810517332122789,0.21557346393899737,0.2948212681221159,0.07924780418311853
Matérn 1.5,11,0.9778606838742973,0.9600831146106736,0.017777569263623616,0.9784546237168152,0.9628899603669018,0.015564663349913466,0.9263470093919921,0.8952569169960475,0.031090092395944624,0.929633300297324,0.9036144578313253,0.026018842465998726,0.9232283464566929,0.8858267716535433,0.03740157480314965,0.929493545183714,0.9047619047619048,0.024731640421809198,0.9264197530864198,0.8946322067594433,0.031787546326976446,0.751803615905733,0.6977660663274796,0.05403754957825335,0.16540336217303,0.17366462801189736,0.008261265838867354,0.24909409454613776,0.27487688695637075,0.025782792410232985,0.062047867937760216,0.07555730298282541,0.013509435045065195,0.22309760438506418,0.261593021952701,0.03849541756763683
Matérn 1.5,12,0.9791401136923426,0.9473815773028371,0.03175853638950543,0.9803205240674923,0.9443635263957706,0.03595699767172167,0.9243697478991597,0.8754940711462451,0.0488756767529146,0.9276511397423192,0.8659003831417624,0.06175075660055673,0.9212598425196851,0.889763779527559,0.03149606299212604,0.9275074478649454,0.8611111111111112,0.06639633675383427,0.9244444444444444,0.8776699029126214,0.04677454153182303,0.7609827884935286,0.6484641117394987,0.11251867675402993,0.1603341256330888,0.18978878533721535,0.029454659704126557,0.24444451356029803,0.2964499942167972,0.05200548065649915,0.059753120209730726,0.0878825990711391,0.028129478861408375,0.21631627191454286,0.29465059369255375,0.07833432177801089
Matérn 1.5,13,0.9787999749783015,0.9452568428946383,0.03354313208366322,0.979715066728515,0.9432132456753054,0.03650182105320965,0.9327731092436975,0.8695652173913043,0.06320789185239317,0.9365079365079365,0.8560606060606061,0.08044733044733043,0.9291338582677166,0.889763779527559,0.03937007874015752,0.9364448857994042,0.8492063492063492,0.08723853659305503,0.932806324110672,0.8725868725868726,0.06021945152379937,0.759933148241793,0.6376456886248273,0.12228745961696574,0.16067074690141628,0.19454033584118832,0.033869588939772044,0.24498066266340687,0.300977013401827,0.0559963507384201,0.06001552507900196,0.09058716259628355,0.03057163751728159,0.21747305204444092,0.30116161937156466,0.08368856732712374
Matérn 1.5,14,0.9782907443173376,0.9574896887889014,0.020801055528436252,0.9788229941187522,0.9611727946565899,0.017650199462162286,0.9268413247652002,0.883399209486166,0.04344211527903419,0.9230019493177388,0.8853754940711462,0.03762645524659258,0.9320866141732284,0.8818897637795275,0.05019685039370081,0.9215491559086395,0.8849206349206349,0.03662852098800462,0.9275220372184133,0.883629191321499,0.043892845896914334,0.7551476601091959,0.6661834125889695,0.08896424752022636,0.16380113137544242,0.19774150914175834,0.03394037776631592,0.247410334128066,0.28888205736088596,0.041471723232819946,0.061211873433361264,0.0834528430650582,0.02224096963169693,0.2210516645083875,0.2809128710899645,0.05986120658157698
Matérn 1.5,15,0.9780847706536684,0.9568968221601781,0.02118794849349026,0.9789425353037373,0.9603109694347193,0.01863156586901804,0.9179841897233202,0.8811881188118812,0.036796070911438994,0.925,0.87890625,0.046093750000000044,0.9104330708661418,0.8858267716535433,0.024606299212598493,0.9255952380952381,0.8764940239043825,0.04910121419085567,0.9176587301587301,0.8823529411764706,0.035305788982259556,0.7534429761967527,0.6765704261061886,0.07687255009056415,0.1645696800198925,0.18942972623680568,0.02486004621691318,0.2482706043269246,0.2843493273472806,0.036078723020355974,0.061638292972856355,0.08085453996285094,0.019216246989994586,0.22194594353446287,0.27611081771549484,0.05416487418103197
Matérn 1.5,16,0.9781636810046213,0.9610986126734159,0.017065068331205357,0.9797768735788907,0.957632624773487,0.022144248805403666,0.925852694018784,0.9011857707509882,0.02466692326779585,0.925343811394892,0.9112903225806451,0.01405348881424684,0.9271653543307087,0.889763779527559,0.03740157480314965,0.9245283018867925,0.9126984126984127,0.011829889188379794,0.9262536873156342,0.900398406374502,0.025855280941132208,0.7515832581862391,0.6923480989648719,0.05923515922136713,0.16615452651838694,0.18058330165499106,0.014428775136604122,0.24920464738301878,0.277329720121227,0.02812507273820819,0.06210295627729473,0.07691177366251808,0.014808817385223355,0.22327627629627647,0.26370344746316365,0.04042717116688718
Matérn 1.5,17,0.9793776243461128,0.944928758905137,0.03444886544097581,0.9800744066921625,0.9489793435904104,0.03109506310175214,0.9253583786455759,0.8636363636363636,0.06172201500921226,0.926949654491609,0.8517110266159695,0.07523862787563951,0.9242125984251969,0.8818897637795275,0.04232283464566933,0.9265143992055611,0.8452380952380952,0.08127630396746588,0.9255791030064071,0.8665377176015474,0.0590413854048597,0.7630338571607294,0.6269444084675403,0.13608944869318906,0.15955749270585223,0.19946809779395464,0.0399106050881024,0.24339343292640778,0.30538899921183676,0.06199556628542899,0.05924036319170176,0.09326244083960725,0.034022077647905484,0.2152288767723845,0.30641529226268704,0.09118641549030254
Matérn 1.5,18,0.9800618114145861,0.9391013623297088,0.04096044908487739,0.9804752350026961,0.9429237700916536,0.03755146491104244,0.9337617399901137,0.8774703557312253,0.056291384258888355,0.9306640625,0.8779527559055118,0.052711306594488194,0.937992125984252,0.8779527559055118,0.06003937007874016,0.929493545183714,0.876984126984127,0.05250941819958699,0.9343137254901961,0.8779527559055118,0.056360969584684284,0.7682113112715445,0.6343420893397324,0.13386922193181217,0.15791687273880234,0.18395167428883935,0.026034801550037012,0.24071980658485825,0.30234591036540753,0.06162610378054928,0.05794602528225157,0.09141304951468704,0.03346702423243547,0.21238218800667488,0.30855287053517844,0.09617068252850355
Matérn 1.5,19,0.9777121175394287,0.9598018997625296,0.01791021777689905,0.978230761594016,0.9624541239853615,0.015776637608654553,0.9223924864063272,0.8853754940711462,0.037016992335180965,0.9265143992055611,0.8798449612403101,0.046669437965251026,0.9183070866141733,0.8937007874015748,0.024606299212598493,0.9265143992055611,0.876984126984127,0.049530272221434135,0.9223924864063272,0.88671875,0.035673736406327206,0.7518206844587901,0.6736272783590731,0.07819340609971703,0.16473361785250312,0.1933996636053194,0.028666045752816283,0.24908552925441454,0.28564296892457286,0.036557439670158315,0.062043600883951805,0.08159190569604449,0.019548304812092687,0.22317335930966972,0.2746574099526459,0.051484050642976203
Matérn 1.5,20,0.9775926446694163,0.9609593123568717,0.016633332312544602,0.9785234996384657,0.963125086926835,0.015398412711630782,0.924901185770751,0.9108910891089109,0.014010096661840055,0.9235294117647059,0.9003831417624522,0.023146270002253777,0.9271653543307087,0.9251968503937008,0.0019685039370078705,0.9226190476190477,0.896414342629482,0.02620470498956562,0.925343811394892,0.912621359223301,0.012722452171590959,0.7491650490923336,0.695621907029075,0.05354314206325861,0.16597288822066403,0.18576417013072594,0.01979128191006191,0.2504151713468215,0.2758474901407527,0.025432318793931208,0.06270775804065798,0.07609183781695267,0.013384079776294688,0.22414659719158853,0.2668004041152836,0.04265380692369508
Matérn 1.5,21,0.9789651572848329,0.9506624171978503,0.028302740086982636,0.9800911151528605,0.9495879826043694,0.03050313254849113,0.9233811171527434,0.8952569169960475,0.028124200156695922,0.9241379310344827,0.8821292775665399,0.0420086534679428,0.9232283464566929,0.9133858267716536,0.009842519685039353,0.9235352532274081,0.876984126984127,0.04655112624328117,0.9236829148202855,0.8974854932301741,0.026197421590111403,0.7572792664855134,0.6676303275891771,0.0896489388963363,0.16206637274855418,0.189796279523118,0.02772990677456383,0.2463310422714867,0.28825530344856326,0.041924261177076566,0.06067898238655696,0.0830911199662233,0.02241213757966634,0.21831424455880133,0.2854163363656477,0.0671020918068464
Matérn 1.5,22,0.9789338801617027,0.9449131358580177,0.03402074430368496,0.980301768029601,0.9414955801403495,0.0388061878892515,0.925852694018784,0.8754940711462451,0.050358622872538894,0.9278656126482213,0.889795918367347,0.03806969428087437,0.9242125984251969,0.8582677165354331,0.06594488188976377,0.9275074478649454,0.8928571428571429,0.03465030500780253,0.9260355029585798,0.87374749498998,0.05228800796859989,0.759902411238441,0.6431092664540643,0.11679314478437675,0.16037999453390378,0.19385874773528913,0.03347875320138535,0.24499634523345856,0.29869932955745715,0.05370298432399859,0.06002320917775201,0.0892212894780744,0.029198080300322386,0.21685551259601,0.29906738204738886,0.08221186945137887
Matérn 1.5,23,0.9781890936671646,0.957427196600425,0.020761897066739587,0.9786507262479819,0.9622118872332799,0.016438839014702,0.9248640632723678,0.8794466403162056,0.045417422956162246,0.9302788844621513,0.8844621513944223,0.04581673306772904,0.9192913385826772,0.8740157480314961,0.04527559055118113,0.9304865938430983,0.8849206349206349,0.0455659589224634,0.9247524752475248,0.8792079207920792,0.045544554455445585,0.7565770707762862,0.6637873700665882,0.09278970070969805,0.16329413492923528,0.18880355450125025,0.02550941957201497,0.24668710513395467,0.2899169611068459,0.043229855972891224,0.0608545278393708,0.0840518443374284,0.023197316498057605,0.22057006032414553,0.2774382068626075,0.05686814653846198
Matérn 1.5,24,0.9772859667367796,0.9673478315210599,0.009938135215719734,0.977839639648968,0.9706404266589342,0.0071992129900337876,0.9243697478991597,0.9031620553359684,0.021207692563191327,0.9209756097560976,0.8988326848249028,0.02214292493119485,0.9291338582677166,0.9094488188976378,0.019685039370078705,0.9195630585898709,0.8968253968253969,0.022737661764474004,0.9250367466927977,0.9041095890410958,0.020927157651701833,0.7507521846163013,0.7142512383532204,0.03650094626308098,0.1675154611985923,0.17019347499204757,0.002678013793455253,0.2496211540667043,0.2672752782479875,0.01765412418128323,0.06231072055759332,0.07143607436253914,0.009125353804945821,0.2257516756195214,0.2465455146534811,0.020793839033959705
Matérn 1.5,25,0.9783093519560055,0.9527559055118111,0.02555344644419444,0.9791439538521317,0.950415401006475,0.028728552845656674,0.9263833992094862,0.8851485148514852,0.041234884358001045,0.929633300297324,0.8769230769230769,0.052710223374247134,0.9232283464566929,0.8976377952755905,0.025590551181102428,0.9295634920634921,0.8725099601593626,0.05705353190412954,0.9264197530864198,0.8871595330739299,0.039260220012489855,0.7552849100338572,0.65570138839024,0.09958352164361728,0.16261483606169405,0.19662450216239408,0.034009666100700026,0.2473414981510839,0.29337964358714635,0.046038145436062466,0.06117781670762263,0.08607161527132104,0.02489379856369841,0.21996592199714168,0.29018714024901227,0.07022121825187058
